<?xml version="1.0" encoding="UTF-8" standalone="yes"?>
<addon id="repository.LiTugou" name="LiTugou" version="1.0" provider-name="LiTugou">
    <extension point="xbmc.addon.repository" name="Example Repository">
        <dir>
            <info compressed="false">https://raw.githubusercontent.com/LiTugou/kodi/koditips/zips/addons.xml</info>
            <checksum>https://raw.githubusercontent.com/LiTugou/kodi/koditips/zips/addons.xml.md5</checksum>
            <datadir zip="true">https://raw.githubusercontent.com/LiTugou/kodi/koditips/zips/</datadir>
        </dir>
    </extension>
    <extension point="xbmc.addon.metadata">
        <summary>REPO_NAME_HERE</summary>
        <description>DESCRIPTION OF YOUR REPO HERE</description>
        <disclaimer></disclaimer>
        <platform>all</platform>
        <assets>
            <icon>icon.png</icon>
            <fanart>fanart.jpg</fanart>
        </assets>
    </extension>
</addon>
